,full_notation,energy,SCF_steps,magnetism,time_of_calculation
0,58_MO_7_11,-65.233019, 94,0.95,67.92m
1,58_MOCOM_7_11,-70.411401,118,2.00,113.04m
2,59_MO_1_6,-65.574785,109,1.00,79.86m
3,59_MO_4_1,-65.529727, 88,0.99,43.05m
4,59_MO_7_6,-65.504183, 86,1.00,56.84m
5,59_MO_7_11,-65.505539, 84,1.00,79.23m
6,59_MOCOM_1_6,-70.699663, 67,2.00,47.35m
7,59_MOCOM_7_11,-70.690372, 64,2.00,42.76m
8,59_MOCOM_10_11,-70.445968,107,2.00,103.00m
9,60_MO_7_6,-65.293487, 87,1.00,42.41m
10,60_MO_7_11,-65.293939,117,1.00,79.45m
11,60_MOCOM_7_11,-70.596544, 76,2.00,37.12m
12,61_MO_4_1,-65.302266, 87,0.99,57.71m
13,61_MOCOM_1_6,-70.623761, 70,2.00,65.02m
14,61_MOCOM_10_11,-70.396020, 78,2.00,56.22m
15,62_MO_4_1,-65.377309,148,1.00,72.38m
16,62_MO_7_6,-65.391451,110,1.00,105.22m
17,62_MO_10_11,-65.569868, 93,1.00,45.04m
18,62_MOCOM_1_6,-70.634590, 68,2.00,45.44m
19,62_MOCOM_10_11,-70.616664, 74,2.00,69.68m
20,63_MO_4_1,-65.379137, 85,1.00,61.36m
21,63_MO_7_6,-65.377321, 76,1.00,49.24m
22,63_MO_7_11,-65.370766, 89,1.00,85.27m
23,63_MOCOM_1_6,-70.653083, 68,2.00,48.53m
24,63_MOCOM_7_11,-70.753183, 67,2.00,32.19m
25,63_MOCOM_10_11,-70.616416, 73,2.00,49.58m
26,64_MO_4_1,-65.382596, 75,1.00,53.41m
27,64_MO_7_6,-65.385859, 80,1.00,51.89m
28,64_MO_7_11,-65.387441,116,1.00,111.47m
29,64_MOCOM_7_11,-70.445859, 74,2.00,52.33m
30,65_MOCOM_7_11,-70.725644, 67,2.00,44.02m
31,66_MOCOM_1_6,-70.656484, 67,2.00,61.66m
32,66_MOCOM_7_11,-70.732579, 59,2.00,38.56m
33,67_MO_7_6,-65.634295,101,1.00,97.02m
34,67_MOCOM_7_11,-70.751643, 60,2.00,28.36m
35,69_MOCOM_1_6,-70.718694, 63,2.00,44.71m
36,69_MOCOM_10_11,-70.692798, 65,2.00,60.23m
37,70_MO_1_6,-65.585663, 82,1.00,54.08m
38,70_MO_4_1,-65.614302, 70,1.00,33.52m
39,70_MOCOM_10_11,-70.596936,105,1.14,77.08m
40,73_MO_1_6,-64.435002,101,1.00,77.20m
41,73_MOCOM_1_6,-69.578072, 81,2.00,58.41m
42,73_MOCOM_7_11,-69.598922, 72,1.99,34.98m
43,74_MO_7_11,-64.135812,124,0.95,91.86m
44,74_MOCOM_1_6,-69.552065, 90,2.00,62.37m
45,74_MOCOM_7_11,-69.363349, 86,1.97,41.93m
46,75_MO_7_11,-64.081176,132,0.95,66.01m
47,75_MOCOM_1_6,-69.500441, 97,1.99,91.68m
48,75_MOCOM_7_11,-69.323647, 80,1.98,38.97m
49,76_MO_1_6,-64.392730,142,1.05,139.04m
50,76_MOCOM_1_6,-69.540920, 90,2.00,43.94m
51,77_MOCOM_1_6,-69.597935, 82,2.00,39.63m
52,77_MOCOM_7_11,-69.594262, 78,1.99,72.91m
53,77_MOCOM_10_11,-69.497759, 87,2.00,42.49m
54,78_MO_1_6,-64.452970, 90,1.00,87.76m
55,78_MO_7_11,-64.196287, 93,0.99,45.16m
56,79_MOCOM_7_11,-69.658111, 69,2.00,49.78m
57,80_MO_4_1,-64.518644,117,1.02,58.69m
58,80_MO_7_11,-64.467623,117,0.99,111.79m
59,80_MOCOM_1_6,-69.695239, 80,2.00,57.60m
60,80_MOCOM_7_11,-69.897395, 72,2.00,50.79m
61,80_MOCOM_10_11,-69.628464,123,2.00,60.37m
62,81_MO_1_6,-64.516918,137,1.00,131.91m
63,81_MOCOM_1_6,-69.647598, 74,2.00,49.67m
64,81_MOCOM_7_11,-69.640736, 87,2.00,42.79m
65,82_MO_1_6,-64.481866,133,1.00,99.58m
66,83_MO_4_1,-64.221759,149,1.00,75.09m
67,83_MO_10_11,-64.213882, 86,1.00,57.29m
68,83_MOCOM_10_11,-69.336487, 88,2.00,63.66m
69,84_MO_1_6,-64.469271,146,1.00,101.75m
70,84_MO_7_6,-64.515202, 88,1.00,82.83m
71,84_MO_7_11,-64.517165, 91,1.00,66.78m
72,84_MOCOM_7_11,-69.691253,130,2.00,64.84m
73,85_MO_4_1,-64.278401,107,1.04,78.42m
74,85_MO_10_11,-64.276352,106,0.91,99.74m
75,85_MOCOM_1_6,-69.620985, 75,2.00,36.74m
76,86_MO_7_6,-64.501945,126,1.00,93.28m
77,86_MO_7_11,-64.504028, 83,1.00,54.93m
78,86_MOCOM_7_11,-69.656071, 76,2.00,36.39m
79,86_MOCOM_10_11,-69.304266, 88,2.00,60.33m
80,88_MO_1_6,-64.524022,134,1.01,130.88m
81,88_MO_4_1,-64.318226,130,0.99,98.01m
82,88_MO_7_6,-64.322829,127,1.00,86.01m
83,88_MOCOM_1_6,-69.573994, 81,2.00,77.37m
84,89_MO_1_6,-64.529438,145,1.01,109.28m
85,89_MOCOM_7_11,-69.696211,104,2.00,49.06m
86,90_MO_4_1,-64.320840,108,0.99,74.40m
87,91_MO_1_6,-64.500061,143,1.00,72.21m
88,92_MO_1_6,-64.528439, 67,0.93,45.09m
89,92_MOCOM_1_6,-69.675883, 67,2.00,32.23m
90,93_MO_1_6,-64.569933, 86,0.97,62.56m
91,94_MO_1_6,-64.505952, 82,1.00,78.59m
92,58_MO_1_2,-65.523202, 81,1.00,76.23m
93,58_MO_1_3,-65.519867,127,1.00,123.24m
94,58_MO_2_1,-65.491994, 98,1.00,95.72m
95,58_MO_2_3,-65.514167,102,1.00,96.52m
96,58_MOCOM_1_2,-70.869074, 80,2.00,75.13m
97,58_MOCOM_1_3,-70.813864, 77,2.00,72.64m
98,58_MOCOM_2_3,-70.894033,137,2.00,125.61m
99,59_MO_1_3,-65.574236,120,1.00,115.92m
100,59_MO_2_1,-65.536804, 89,1.00,84.38m
101,59_MOCOM_1_2,-70.907739,105,2.00,103.77m
102,59_MOCOM_1_3,-70.839739,100,2.00,49.51m
103,60_MO_1_2,-65.575828, 76,1.00,37.11m
104,60_MO_1_3,-65.573333, 88,1.00,82.54m
105,60_MO_2_1,-65.569728, 82,1.00,39.69m
106,60_MO_2_3,-65.587648, 74,1.00,35.24m
107,60_MOCOM_1_2,-70.892523, 67,2.00,61.97m
108,60_MOCOM_1_3,-70.763718, 77,2.00,37.50m
109,61_MO_1_2,-65.557614, 89,1.00,43.25m
110,61_MO_1_3,-65.550932,123,1.00,118.59m
111,61_MOCOM_1_2,-70.899852, 71,2.00,33.70m
112,61_MOCOM_1_3,-70.863911, 81,2.00,39.10m
113,62_MO_2_1,-65.584896, 89,1.00,43.67m
114,62_MO_2_3,-65.587483, 98,1.00,47.58m
115,62_MOCOM_1_2,-70.896043, 66,2.00,61.06m
116,62_MOCOM_2_3,-70.890320, 72,2.00,34.29m
117,63_MO_2_3,-65.630664, 78,1.00,37.68m
118,63_MOCOM_1_2,-70.947923, 62,2.00,58.55m
119,63_MOCOM_2_3,-70.895179, 71,2.00,34.40m
120,64_MO_2_1,-65.602796, 78,1.00,37.90m
121,64_MOCOM_1_2,-70.859593, 70,2.00,65.80m
122,64_MOCOM_2_3,-70.916721, 74,2.00,35.52m
123,65_MO_1_2,-65.675194,148,1.00,143.33m
124,65_MO_1_3,-65.664414,134, -1.00,66.82m
125,65_MOCOM_1_2,-70.920563, 65,2.00,31.22m
126,66_MO_1_2,-65.600816,137,1.00,68.28m
127,66_MO_1_3,-65.605287, 84,1.00,78.76m
128,66_MOCOM_1_2,-70.962872, 54,2.00,25.81m
129,66_MOCOM_1_3,-70.636110, 70,2.00,34.01m
130,67_MOCOM_1_2,-70.983490, 55,2.00,27.10m
131,68_MOCOM_1_2,-70.953929, 67,2.00,31.81m
132,73_MO_2_1,-64.406165,101,0.98,49.51m
133,89_MOCOM_1_6,-69.585601, 74,2.00,69.74m
134,86_MO_1_6,-64.502746,105,1.00,51.62m
135,81_MO_4_1,-64.501694,109,0.99,70.80m
136,77_MO_1_6,-64.436766,130,1.00,65.74m
137,73_MOCOM_10_11,-69.299546, 87,1.99,56.34m
138,68_MO_1_6,-65.590320, 89,0.97,42.35m
139,58_MOCOM_1_6,-70.620591, 71,2.00,66.05m
140,32_MO_7_8,-64.042346, 80, -0.07,40.87m
141,33_MO_4_1,-64.125862, 42, -0.00,21.63m
142,33_MO_7_8,-64.131703, 59, -0.00,45.87m
143,34_MO_4_1,-64.199997,138,0.00,67.76m
144,34_MO_7_8,-64.207012, 55,0.05,28.61m
145,35_MO_4_1,-64.344807, 37, -0.01,29.18m
146,36_MO_4_1,-64.376822, 38, -0.01,20.22m
147,37_MO_7_8,-64.142653, 41, -0.01,21.97m
148,38_MO_7_8,-64.144700, 48, -0.13,26.16m
149,39_MO_7_8,-64.166056, 42, -0.05,33.49m
150,40_MO_7_8,-64.243998, 93,0.10,47.60m
151,41_MO_4_1,-64.239147, 48,0.00,25.08m
152,43_MO_4_1,-64.218066, 51,0.16,39.43m
153,45_MO_7_8,-63.214251, 90, -0.05,65.58m
154,47_MO_4_1,-62.996173, 80, -0.18,40.69m
155,48_MO_4_1,-63.064178,145, -0.04,71.93m
156,48_MO_7_8,-63.070872, 47, -0.08,37.56m
157,49_MO_4_1,-63.068930, 50, -0.08,26.26m
158,49_MO_7_8,-63.062430, 76, -0.08,40.15m
159,50_MO_4_1,-63.101709, 67, -0.07,52.37m
160,51_MO_4_1,-63.147446,101,0.05,51.73m
161,52_MO_7_8,-63.267096, 56,0.55,43.81m
162,53_MO_7_8,-63.307218, 47,1.07,24.42m
163,56_MO_4_1,-63.304951, 92, -0.12,47.96m
164,32_MOCOM_1_3,-69.627015, 72,1.00,37.12m
165,32_MOCOM_1_5,-69.486200, 36,1.00,19.56m
166,32_MOCOM_5_11,-69.270329, 44,1.00,36.43m
167,33_MOCOM_1_5,-69.794363, 50,1.00,25.81m
168,34_MOCOM_1_5,-69.572613, 31,1.00,16.47m
169,34_MOCOM_5_11,-69.285676, 36,1.00,19.45m
170,35_MOCOM_1_3,-69.482269, 39,1.00,31.25m
171,35_MOCOM_1_5,-69.560405, 33,1.00,17.87m
172,36_MOCOM_1_3,-69.479294, 38,1.00,20.48m
173,36_MOCOM_1_5,-69.487313, 33,1.00,17.45m
174,36_MOCOM_5_11,-69.379640, 65,1.00,32.16m
175,37_MOCOM_1_3,-69.472898, 41,1.00,22.20m
176,38_MOCOM_1_3,-69.417902, 37,1.00,19.40m
177,38_MOCOM_1_5,-69.495357, 43,1.00,33.76m
178,38_MOCOM_5_11,-69.542323, 38,1.02,20.71m
179,39_MOCOM_1_3,-69.406798, 74,1.00,38.20m
180,39_MOCOM_1_5,-69.461751, 36,1.00,19.21m
181,39_MOCOM_5_11,-69.432880, 48,1.00,24.73m
182,40_MOCOM_1_3,-69.522027, 35,1.00,27.94m
183,40_MOCOM_1_5,-69.559749, 31,1.00,16.18m
184,40_MOCOM_5_11,-69.339101, 34,1.00,17.35m
185,41_MOCOM_1_3,-69.469695, 35,1.00,18.67m
186,42_MOCOM_1_3,-69.444270, 51,1.00,26.56m
187,42_MOCOM_1_5,-69.511232, 38,1.00,29.88m
188,42_MOCOM_5_11,-69.392534, 31,1.00,15.88m
189,43_MOCOM_1_3,-69.546009, 36,1.00,18.71m
190,44_MOCOM_1_3,-68.529358, 63,1.00,33.67m
191,45_MOCOM_1_3,-68.551024, 93,0.99,47.49m
192,45_MOCOM_1_5,-68.446490, 39,1.00,31.70m
193,46_MOCOM_1_3,-68.591172, 48,1.00,25.79m
194,46_MOCOM_1_5,-68.469537, 49,1.00,26.26m
195,46_MOCOM_5_11,-68.414678,103,1.00,52.43m
196,47_MOCOM_1_3,-68.607970, 71,1.00,57.10m
197,47_MOCOM_1_5,-68.735456, 38,1.00,19.88m
198,47_MOCOM_5_11,-68.406305, 45,0.99,24.10m
199,48_MOCOM_1_5,-68.836729, 52,1.00,26.57m
200,48_MOCOM_5_11,-68.441023, 38,0.97,20.99m
201,49_MOCOM_1_5,-68.822194, 47,1.04,24.93m
202,50_MOCOM_1_5,-68.761195, 46,1.00,35.69m
203,52_MOCOM_1_3,-68.401317, 41,1.00,22.14m
204,52_MOCOM_1_5,-68.455080, 34,1.00,18.44m
205,52_MOCOM_5_11,-68.343361, 40,1.00,21.61m
206,53_MOCOM_1_3,-68.420270, 39,1.00,21.44m
207,53_MOCOM_5_11,-68.335841, 78,1.00,61.27m
208,54_MOCOM_1_3,-68.411448, 44,0.93,22.86m
209,54_MOCOM_1_5,-68.417155, 36,1.00,18.60m
210,54_MOCOM_5_11,-68.254856, 38,1.05,20.05m
211,55_MOCOM_1_3,-68.402651, 38,1.00,20.22m
212,55_MOCOM_1_5,-68.469626, 43,0.92,23.12m
213,56_MOCOM_1_3,-68.369809, 52,1.00,27.21m
214,56_MOCOM_1_5,-68.457441, 34,1.00,27.36m
215,56_MOCOM_5_11,-68.516649, 44,1.06,22.74m
216,26_MO_3_4,-61.840374, 43,1.02,26.72m
217,27_MOCOM_3_8,-67.145020, 48,0.00,30.32m
218,28_MOCOM_1_3,-67.311398, 65,0.07,52.72m
219,29_MO_1_6,-62.059094, 49,1.03,31.34m
220,20_MOCOM_2_6,-67.146268, 42, -0.07,26.09m
221,18_MO_10_4,-63.147471, 53,1.00,33.91m
222,18_MO_1_2,-63.202858, 34,1.00,21.51m
223,20_MOCOM_5_11,-66.967862, 77,0.07,49.12m
224,23_MOCOM_3_9,-67.057860, 83, -0.06,49.51m
225,16_MOCOM_5_6,-68.107999, 35, -0.05,29.18m
226,17_MO_6_7,-62.931067, 52,1.00,34.35m
227,28_MO_5_6,-61.867488,127,1.02,80.39m
228,26_MOCOM_3_8,-67.035472,122,0.04,74.16m
229,27_MO_12_8,-62.050972, 48,1.01,31.09m
230,17_MOCOM_3_9,-68.410292, 52,0.02,41.46m
231,27_MO_1_2,-62.079909, 40,1.01,33.93m
232,28_MO_1_3,-62.088027, 54,1.01,34.93m
233,18_MO_1_4,-63.198975, 33,1.00,27.63m
234,17_MO_6_1,-62.913507,148,1.01,94.98m
235,31_MO_4_10,-61.920230,127,1.01,81.77m
236,24_MO_1_6,-61.992905, 44,1.02,37.03m
237,28_MO_6_5,-61.872490, 91,1.01,55.90m
238,30_MO_5_6,-61.875654,106,1.03,66.40m
239,25_MOCOM_1_3,-67.204984, 37, -0.09,24.68m
240,21_MO_4_9,-61.770977, 51,1.01,33.38m
241,29_MO_3_1,-61.864931,107,1.02,68.35m
242,16_MO_11_5,-62.898653, 92,1.00,60.61m
243,19_MO_1_5,-63.190214, 34,1.00,28.14m
244,18_MO_4_10,-62.985382, 42,1.00,35.58m
245,18_MO_4_1,-62.989393, 53,1.00,34.58m
246,21_MOCOM_2_8,-67.141732, 91, -0.06,57.06m
247,23_MO_3_8,-61.839310, 48,1.73,30.79m
248,26_MOCOM_11_12,-67.305778, 56, -0.10,36.46m
249,30_MO_1_2,-62.053674, 75,1.03,46.67m
250,23_MO_5_10,-61.841480, 53,0.98,33.72m
251,19_MO_5_11,-62.978342, 32,1.00,20.47m
252,25_MOCOM_3_8,-67.080398, 43, -0.06,28.45m
253,25_MO_7_2,-61.811705, 67,1.67,43.45m
254,21_MO_4_1,-61.780458, 42,1.02,27.31m
255,31_MOCOM_3_9,-67.285259, 34, -0.05,22.32m
256,19_MOCOM_4_5,-68.139289, 43,0.05,26.96m
257,21_MO_1_2,-61.974432, 78,1.00,48.08m
258,27_MO_3_8,-61.885803, 57,1.00,37.13m
259,31_MO_4_1,-61.924913, 76,1.01,48.86m
260,16_MOCOM_2_7,-68.298573, 35, -0.01,23.20m
261,17_MO_3_2,-62.937430, 77,1.00,47.18m
262,24_MOCOM_4_9,-67.299276, 43, -0.06,35.93m
263,27_MO_1_4,-62.072994, 54,1.01,34.51m
264,22_MO_10_9,-62.013529, 53,1.04,44.41m
265,29_MOCOM_3_4,-66.980533, 42, -0.00,35.58m
266,23_MO_9_8,-61.844070,113,0.97,69.28m
267,21_MO_8_2,-61.726167,108,1.02,88.07m
268,28_MO_6_2,-61.881822, 68,1.01,44.62m
269,28_MO_1_6,-62.103682, 57,1.01,36.17m
270,18_MO_3_4,-62.998909, 38,1.00,24.09m
271,28_MOCOM_7_11,-67.148638, 52,0.03,33.62m
272,22_MO_10_4,-62.017355, 49,1.04,32.43m
273,26_MO_7_12,-61.806132, 61,1.01,39.20m
274,24_MOCOM_1_2,-67.503411, 33,1.84,27.68m
275,27_MO_2_1,-62.080543,113,1.02,72.08m
276,22_MO_6_5,-61.833961, 54,1.01,46.40m
277,21_MO_1_5,-61.943347,127,1.01,107.25m
278,19_MO_2_6,-62.974586, 36,1.00,22.93m
279,27_MOCOM_1_2,-67.500429, 32,1.24,21.49m
280,23_MO_1_2,-62.033403,103,1.02,66.05m
281,25_MO_1_6,-62.031419, 44,1.01,28.56m
282,24_MO_3_4,-61.779305, 53,1.04,33.95m
283,122_MOCOM_7_11,-71.598525, 69,3.00,35.33m
284,13_MO_10_9,-60.863498, 81,2.00,62.07m
285,124_MO_4_1,-66.561575, 85,2.00,44.00m
286,14_MO_1_6,-60.822133,109,2.00,66.96m
287,12_MOCOM_1_5,-66.216254, 69,2.10,40.93m
288,124_MOCOM_3_9,-71.601183, 64,3.00,33.03m
289,100_MOCOM_4_5,-70.565535, 81,3.00,42.51m
290,1_MO_1_2,-59.456640, 42,4.00,23.64m
291,96_MOCOM_3_8,-70.479355, 87,3.00,44.62m
292,13_MOCOM_7_8,-66.260861, 65,1.77,38.81m
293,131_MO_1_6,-66.601813, 84,2.00,42.53m
294,13_MO_3_9,-60.863498, 81,2.00,62.05m
295,99_MO_11_12,-65.357112, 96,2.00,52.08m
296,12_MO_11_6,-60.795758,116,2.00,71.04m
297,99_MOCOM_10_11,-70.473356, 86,3.00,44.69m
298,115_MO_3_4,-66.507991, 88,2.00,60.79m
299,4_MOCOM_4_5,-65.017242, 49,3.66,28.07m
300,4_MO_9_10,-59.585411,108,3.00,68.44m
301,101_MOCOM_2_7,-70.535377, 86,3.00,59.07m
302,133_MO_8_3,-66.499806, 77,2.00,39.19m
303,108_MOCOM_4_5,-70.506448, 75,3.00,38.39m
304,127_MO_5_6,-66.607711, 87,2.00,45.44m
305,4_MOCOM_9_10,-65.017242, 49,3.66,36.82m
306,112_MO_2_8,-66.482109, 81,2.00,41.24m
307,126_MOCOM_7_12,-71.677144, 72,3.00,48.06m
308,111_MO_3_4,-66.509094, 81,2.00,41.87m
309,127_MOCOM_8_9,-71.618971, 84,3.00,43.55m
310,122_MOCOM_1_4,-71.598525, 69,3.00,35.46m
311,8_MOCOM_9_10,-67.153970, 64,1.00,49.68m
312,1_MOCOM_1_2,-64.588022, 42,3.00,24.00m
313,129_MO_9_8,-66.498116, 79,2.00,40.59m
314,105_MO_1_6,-65.507029,128,2.00,67.22m
315,12_MOCOM_5_6,-66.216254, 69,2.10,54.07m
316,102_MO_2_8,-65.534025, 91,2.00,47.62m
317,108_MO_9_12,-65.474751, 80,2.00,54.38m
318,12_MOCOM_4_5,-66.216254, 69,2.10,41.18m
319,3_MOCOM_2_7,-65.903095, 57,2.00,33.74m
320,118_MOCOM_6_11,-71.569028, 76,3.00,38.61m
321,114_MO_8_3,-66.483795, 88,2.00,45.74m
322,7_MO_1_2,-61.923852, 58,2.00,44.02m
323,126_MOCOM_1_5,-71.677144, 72,3.00,36.62m
324,104_MO_7_8,-65.449021, 93,2.00,63.59m
325,4_MO_1_3,-59.585378,107,3.00,90.20m
326,1_MO_1_5,-59.456640, 42,4.00,23.68m
327,126_MO_7_11,-66.614109, 71,2.00,36.31m
328,113_MO_2_1,-66.443403, 81,2.00,41.52m
329,104_MOCOM_3_8,-70.475550, 80,3.00,41.99m
330,7_MO_4_1,-61.923852, 58,2.00,43.94m
331,6_MO_1_3,-59.657666, 59,3.00,34.39m
332,13_MOCOM_3_8,-66.260861, 65,1.77,38.77m
333,97_MOCOM_5_10,-70.522753, 87,3.00,44.52m
334,11_MO_5_4,-60.780058, 85,2.00,69.57m
335,7_MO_9_4,-61.923852, 58,2.00,33.69m
336,5_MO_2_8,-59.610326, 63,3.00,36.06m
337,11_MOCOM_5_10,-66.219246, 68,2.77,40.78m
338,11_MOCOM_2_3,-66.219246, 68,2.77,53.32m
339,116_MO_3_8,-66.614692, 73,2.00,36.89m
340,11_MO_11_6,-60.780058, 85,2.00,53.08m
341,126_MO_12_7,-66.614109, 71,2.00,47.73m
342,113_MOCOM_2_6,-71.531915, 72,3.00,36.78m
343,100_MO_10_5,-65.429521, 93,1.98,63.67m
344,116_MOCOM_7_8,-71.660139, 64,3.00,32.24m
345,106_MOCOM_1_3,-70.439397, 76,3.00,40.22m
346,128_MO_4_9,-66.623501,137,2.00,74.70m
347,96_MO_2_6,-65.317862,110,1.93,75.05m
348,122_MO_3_9,-66.546431, 78,2.00,39.91m
349,13_MO_7_8,-60.863498, 81,2.00,47.76m
350,119_MOCOM_7_12,-71.628067,108,3.00,57.33m
351,105_MOCOM_11_12,-70.508464, 78,3.00,52.69m
352,114_MOCOM_1_4,-71.613829, 74,3.00,37.38m
353,12_MO_5_4,-60.795758,118,2.00,94.62m
354,106_MO_1_4,-65.353264,112,2.00,59.08m
355,98_MOCOM_7_12,-70.563856, 79,3.00,41.53m
356,12_MO_3_8,-60.795759,117,2.00,71.00m
357,100_MO_7_12,-65.429521, 93,1.98,47.79m
358,3_MO_1_5,-60.734579, 51,3.00,38.62m
359,117_MOCOM_1_2,-71.674248, 76,3.00,39.36m
360,104_MO_12_11,-65.449021, 93,2.00,48.43m
361,4_MOCOM_3_4,-65.017242, 49,3.66,36.99m
362,11_MOCOM_7_8,-66.219246, 68,2.77,40.93m
363,123_MOCOM_3_9,-71.471972,100,3.00,52.57m
364,4_MOCOM_1_3,-65.017242, 49,3.66,36.97m
365,115_MOCOM_8_12,-71.552944, 75,3.00,38.44m
366,100_MOCOM_10_11,-70.565535, 81,3.00,55.52m
367,3_MO_7_11,-60.734579, 51,3.00,29.61m
368,99_MOCOM_6_11,-70.473356, 86,3.00,44.96m
369,5_MOCOM_1_3,-64.856732,144,2.00,91.80m
370,112_MOCOM_5_10,-71.597987, 71,3.00,47.71m
371,6_MOCOM_1_2,-64.841968, 81,2.00,49.12m
372,5_MO_1_4,-59.610326, 63,3.00,47.82m
373,101_MOCOM_7_12,-70.535377, 86,3.00,44.98m
374,4_MO_3_8,-59.585410,109,3.00,69.25m
375,109_MO_3_8,-65.505437, 91,2.00,63.02m
376,13_MOCOM_1_3,-66.260861, 65,1.77,38.85m
377,2_MOCOM_7_8,-63.639377, 45,3.00,34.71m
378,117_MO_11_12,-66.588693, 76,2.00,38.70m
379,6_MO_2_7,-59.657666, 59,3.00,34.26m
380,119_MO_8_3,-66.581054, 81,2.00,55.06m
381,101_MO_4_3,-65.424873,110,1.98,58.48m
382,99_MO_6_7,-65.357112, 96,2.00,52.12m
383,107_MO_5_4,-65.446407,113,2.00,77.00m
384,115_MOCOM_2_8,-71.552944, 75,3.00,37.79m
385,8_MO_1_5,-61.929366, 66,2.00,37.84m
386,10_MOCOM_10_11,-66.099931, 97,1.46,59.99m
387,2_MOCOM_2_6,-63.639377, 45,3.00,26.53m
388,123_MO_4_1,-66.470878, 83,2.00,43.11m
389,127_MOCOM_2_6,-71.618971, 84,3.00,43.60m
390,14_MO_5_6,-60.822133,109,2.00,66.85m
391,7_MOCOM_4_9,-67.273157, 59,2.48,34.18m
392,2_MO_1_3,-58.474671, 54,4.00,42.46m
393,107_MOCOM_7_12,-70.503331, 84,3.00,43.12m
394,1_MO_1_3,-59.456640, 42,4.00,23.95m
395,107_MOCOM_1_2,-70.503331, 84,3.00,57.03m
396,103_MO_8_7,-65.514627, 85,2.00,43.78m
397,119_MOCOM_2_6,-71.628067,103,3.00,71.53m
398,12_MO_9_4,-60.795759,117,2.00,70.57m
399,111_MOCOM_2_3,-71.555187, 81,3.00,42.33m
400,111_MOCOM_7_11,-71.555187, 81,3.00,41.97m
401,103_MOCOM_4_10,-70.611054, 74,3.00,50.58m
402,125_MO_8_2,-66.555267, 98,2.00,51.56m
403,10_MOCOM_4_10,-66.099885,117,1.35,70.26m
404,8_MO_3_8,-61.929366, 66,2.00,49.48m
405,11_MOCOM_11_12,-66.219246, 68,2.77,40.92m
406,120_MOCOM_5_11,-71.650953, 70,3.00,35.89m
407,7_MOCOM_1_4,-67.273157, 59,2.48,34.68m
408,118_MO_6_7,-66.558243, 78,2.00,40.03m
409,118_MO_11_12,-66.558243, 78,2.00,52.60m
410,121_MOCOM_4_10,-71.539628, 68,3.00,34.76m
411,2_MO_2_7,-58.474671, 54,4.00,32.48m
412,5_MO_9_12,-59.610326, 63,3.00,47.89m
413,109_MOCOM_1_5,-70.537412, 75,3.00,38.32m
414,11_MO_2_7,-60.780058, 85,2.00,53.36m
415,132_MO_5_11,-66.493802, 83,2.00,43.31m
416,119_MO_1_6,-66.581054, 81,2.00,55.20m
417,9_MO_1_2,-61.914737, 58,2.00,33.26m
418,118_MOCOM_1_5,-71.569028, 76,3.00,38.72m
419,3_MOCOM_1_2,-65.903095, 57,2.00,33.55m
420,1_MO_1_6,-59.456640, 42,4.00,23.84m
421,98_MO_5_4,-65.469838, 94,1.99,65.25m
422,97_MO_4_5,-65.414821, 84,1.95,44.58m
423,8_MOCOM_2_3,-67.153970, 64,1.00,38.26m
424,1_MO_1_4,-59.456640, 42,4.00,23.76m
425,75_MC_7_12,-68.224528,101,2.00,59.96m
426,59_MC_6_2,-69.344961, 76,2.00,58.49m
427,81_MOCMHnbond_6_2,-69.064968, 74,2.00,43.15m
428,122_MC_8_9,-70.104087, 66,3.00,33.48m
429,66_MOCMHnbond_10_9,-70.106138, 70,2.00,53.36m
430,70_MC_9_8,-69.334657, 81,2.00,47.86m
431,129_MOCM_5_11,-66.630705, 97,1.99,52.11m
432,84_MOCMHnbond_7_2,-69.067861, 83,2.00,49.07m
433,131_MC_3_8,-70.205622,143,3.00,77.97m
434,123_MOCM_9_10,-66.583482, 99,1.96,65.15m
435,100_MOCMHnbond_2_8,-69.509197, 86,3.00,43.64m
436,62_MC_9_3,-69.384109, 69,2.00,40.30m
437,127_MC_7_11,-70.173543, 71,3.00,36.65m
438,107_MC_8_2,-69.065698, 80,3.00,54.26m
439,74_MC_7_12,-68.280156, 78,2.00,46.86m
440,84_MC_9_4,-68.320160, 79,2.00,46.64m
441,100_MOCM_5_4,-65.654410, 79,3.67,40.54m
442,63_MOCMHnbond_5_11,-70.071496, 86,2.00,51.77m
443,58_MC_1_5,-69.289354, 69,2.00,53.75m
444,85_MOCMHnbond_10_4,-69.114198, 82,2.00,48.76m
445,67_MC_11_10,-69.437788, 73,2.00,42.47m
446,109_MC_5_6,-69.092910, 98,3.00,52.55m
447,106_MOCMHnbond_1_5,-69.379492, 80,3.00,41.80m
448,120_MC_5_10,-70.180031, 64,3.00,34.62m
449,111_MC_3_9,-70.096791, 80,3.00,42.04m
450,104_MOCMHnbond_8_3,-69.387116, 83,3.00,43.32m
451,66_MOCM_11_5,-66.516491, 69,1.00,35.51m
452,125_MOCM_2_8,-66.660376, 76,3.46,51.66m
453,119_MOCM_11_7,-66.717005, 77,2.05,38.79m
454,62_MOCM_6_2,-66.504647, 66,1.00,33.69m
455,58_MOCMHnbond_7_11,-70.002780, 78,2.00,45.99m
456,70_MOCMHnbond_3_4,-70.020155, 68,2.00,39.78m
457,132_MOCM_2_1,-66.631030, 81,2.00,54.83m
458,110_MOCM_7_12,-66.602398, 90,3.25,48.09m
459,84_MOCM_8_7,-65.442258, 76,1.00,38.61m
460,101_MOCM_10_11,-65.636012, 78,3.99,39.99m
461,98_MOCM_3_8,-65.662712, 70,3.84,35.87m
462,69_MC_9_10,-69.367861, 68,2.00,40.00m
463,97_MOCMHnbond_11_6,-69.433520, 90,2.99,46.90m
464,88_MOCMHnbond_10_9,-69.031458, 81,2.00,48.79m
465,104_MC_11_5,-69.056723, 76,3.00,38.66m
466,80_MOCM_9_4,-65.457559,116,1.00,63.04m
467,108_MC_9_10,-69.050778, 75,3.00,39.66m
468,103_MOCM_4_1,-65.688974, 74,3.81,38.07m
469,126_MC_1_3,-70.184626, 72,3.00,48.53m
470,101_MOCMHnbond_4_5,-69.462290, 92,3.00,48.66m
471,112_MC_6_2,-70.106175, 76,3.00,39.17m
472,101_MOCM_7_11,-65.636012, 78,3.99,52.46m
473,86_MC_1_6,-68.274988, 78,2.00,46.85m
474,68_MOCMHnbond_5_11,-70.043012, 82,2.00,64.11m
475,91_MOCMHnbond_10_5,-69.099614, 99,2.00,59.29m
476,119_MOCM_8_3,-66.717005, 77,2.05,38.62m
477,87_MOCM_5_1,-65.461697, 95,1.00,49.44m
478,88_MC_2_1,-68.324963, 78,2.00,61.62m
479,86_MOCM_12_7,-65.377118,133,0.49,72.13m
480,118_MOCMHnbond_5_6,-70.440883, 76,3.00,40.00m
481,80_MC_4_9,-68.336921, 81,2.00,63.40m
482,65_MC_10_5,-69.434706, 65,2.00,38.28m
483,62_MOCMHnbond_4_1,-69.989049, 72,2.00,42.37m
484,59_MOCMHnbond_10_11,-70.055777, 70,2.00,40.84m
485,63_MOCM_11_12,-66.520319, 76,1.00,39.43m
486,114_MOCMHnbond_7_12,-70.518656, 70,3.00,35.30m
487,124_MC_1_2,-70.147731, 68,3.00,35.12m
488,96_MOCMHnbond_7_8,-69.417180, 84,2.93,43.26m
489,128_MOCMHnbond_1_2,-70.654979, 69,3.00,47.10m
490,78_MOCMHnbond_1_6,-68.985474, 99,2.00,60.72m
491,93_MOCM_2_1,-65.527258, 85,1.00,44.33m
492,67_MOCMHnbond_9_8,-70.099170, 67,2.00,51.60m
493,102_MOCM_5_10,-65.727336, 68,4.04,34.98m
494,83_MC_4_1,-68.278038, 76,2.00,45.45m
495,101_MC_1_4,-69.039105, 86,3.00,44.89m
496,89_MC_7_8,-68.321223, 68,2.00,40.07m
497,116_MC_7_6,-70.220118, 73,3.00,37.29m
498,126_MOCM_11_6,-66.719744, 76,3.12,39.05m
499,107_MOCM_7_6,-65.635557, 69,3.46,36.05m
500,63_MC_2_3,-69.383046, 70,2.00,40.65m
501,67_MOCM_5_10,-66.553739, 73,1.00,37.28m
502,72_MOCMHnbond_12_7,-68.935556, 98,1.94,75.54m
503,99_MC_6_2,-69.004599, 78,3.00,40.48m
504,126_MOCM_9_4,-66.719744, 76,3.12,39.24m
505,85_MC_6_5,-68.334226, 79,2.00,46.71m
506,89_MOCMHnbond_5_11,-69.070064, 76,2.00,44.21m
507,74_MOCMHnbond_1_2,-69.038420, 98,1.99,77.61m
508,64_MC_4_5,-69.230169, 79,2.00,47.41m
509,78_MC_8_3,-68.217105, 72,2.00,42.52m
510,79_MC_2_7,-68.342554,102,2.00,57.06m
511,62_MC_10_9,-69.384109, 69,2.00,52.30m
512,60_MOCMHnbond_5_10,-70.023372, 83,2.00,48.95m
513,112_MOCMHnbond_11_5,-70.469163, 74,3.00,37.91m
514,130_MC_6_5,-70.111568, 72,3.00,37.45m
515,79_MOCMHnbond_1_3,-69.062758, 70,1.94,40.68m
516,61_MC_5_4,-69.327571,130,2.00,105.49m
517,117_MOCMHnbond_11_5,-70.554905, 69,3.00,35.38m
518,105_MOCMHnbond_8_2,-69.432495, 79,3.00,40.83m
519,116_MOCMHnbond_12_7,-70.559406, 67,3.00,34.28m
520,77_MC_5_6,-68.299998, 80,2.00,47.04m
521,60_MC_12_8,-69.334610, 85,2.00,51.02m
522,107_MOCMHnbond_6_7,-69.431084, 83,3.00,43.33m
523,97_MC_7_12,-69.053286, 92,3.00,47.89m
524,102_MC_2_8,-69.140586, 74,3.00,38.22m
525,71_MC_8_7,-69.230916, 72,2.00,41.93m
526,121_MOCMHnbond_4_5,-70.393974, 82,3.00,43.09m
527,100_MC_8_7,-69.044650, 80,3.00,41.01m
528,99_MOCMHnbond_10_11,-69.384462, 93,3.00,48.67m
529,133_MOCM_1_3,-66.633949, 77,1.94,39.09m
530,81_MOCM_9_12,-65.407537, 76,1.00,40.53m
531,82_MOCM_11_12,-65.423646,121,0.77,66.05m
532,63_MOCM_7_8,-66.520319, 76,1.00,38.99m
533,88_MOCM_12_8,-65.498350,106,1.06,72.96m
534,127_MOCMHnbond_4_3,-70.505868, 77,3.00,40.85m
535,115_MC_5_1,-70.090326,104,3.00,55.76m
536,98_MC_1_4,-69.055746,100,3.00,54.26m
537,111_MOCMHnbond_6_5,-70.426131, 75,3.00,38.97m
538,115_MOCMHnbond_7_2,-70.442735, 78,3.00,40.68m
539,89_MOCM_6_7,-65.509040, 96,1.01,51.57m
540,102_MOCMHnbond_9_4,-69.567504, 73,3.00,37.01m
541,100_MC_10_11,-69.044650, 80,3.00,41.11m
542,96_MC_2_6,-69.004703, 90,3.00,45.44m
543,119_MC_2_7,-70.180320,112,3.00,61.15m
544,124_MOCMHnbond_8_9,-70.474813, 77,3.00,39.77m
545,115_MOCM_2_1,-66.645377, 79,2.91,53.58m
546,98_MOCMHnbond_6_5,-69.508626, 96,3.00,50.50m
547,77_MOCM_2_8,-65.427954,106,1.00,57.79m
548,126_MOCMHnbond_7_8,-70.583398, 71,3.00,47.87m
549,115_MOCMHnbond_10_9,-70.442735, 78,3.00,40.13m
550,76_MC_2_3,-68.282537, 79,2.00,47.15m
551,104_MOCM_10_12,-65.617622, 76,3.53,51.96m
552,121_MC_1_3,-70.063192, 72,3.00,36.45m
553,109_MOCMHnbond_3_2,-69.496193, 78,3.00,40.22m
554,84_MC_11_10,-68.320160, 79,2.00,46.82m
555,114_MC_1_4,-70.108057, 75,3.00,38.19m
556,88_MOCMHnbond_8_9,-69.031458, 81,2.00,48.59m
557,81_MOCM_12_8,-65.407537, 76,1.00,40.36m
558,122_MOCMHnbond_5_4,-70.478434, 84,3.00,43.66m
559,69_MOCMHnbond_8_12,-70.032770, 60,2.00,36.34m
560,117_MC_1_6,-70.174300, 80,3.00,41.43m
561,96_MOCM_4_3,-65.617228, 76,4.05,39.45m
562,94_MOCM_5_6,-65.439739, 90,1.00,61.54m
563,123_MC_5_6,-70.025694, 82,3.00,41.66m
564,95_MOCM_3_1,-65.466702, 89,1.00,47.83m
565,113_MC_6_2,-70.060173, 82,3.00,42.58m
566,127_MOCM_5_6,-66.737397, 97,2.02,53.07m
567,108_MOCMHnbond_1_4,-69.436869, 73,3.00,49.08m
568,114_MOCM_2_8,-66.680839, 68,3.33,34.92m
569,76_MOCM_3_9,-65.405060,100,1.00,53.93m
570,80_MOCMHnbond_6_5,-69.099075, 89,2.00,69.71m
571,76_MOCMHnbond_8_2,-68.940277,111,1.93,68.80m
572,90_MOCMHnbond_4_5,-69.013261, 84,2.00,50.06m
573,61_MOCM_6_5,-66.404063,119,0.38,85.56m
574,64_MOCM_7_12,-66.460254, 75,1.09,38.37m
575,104_MOCM_9_10,-65.617622, 76,3.53,39.68m
576,80_MOCM_1_2,-65.457560,116,1.00,62.80m
577,119_MOCMHnbond_5_11,-70.503973, 72,3.00,36.83m
578,170_MC_2_7,-72.388478, 55,5.00,30.44m
579,21_MC_2_6,-65.898249, 42, -0.08,27.27m
580,185_MOCM_2_6,-71.184716, 43,6.00,31.32m
581,175_MOCOM_4_5,-73.878902, 44,5.00,24.61m
582,149_MOCOM_5_11,-72.692965, 42,4.00,23.73m
583,18_MOCMHnbond_1_4,-67.647959, 36, -0.01,23.94m
584,136_MO_4_1,-66.667871, 41,3.00,22.81m
585,165_MO_11_5,-68.873002, 43,4.00,30.57m
586,36_MOCMHnbond_1_5,-68.916034, 33,1.00,21.75m
587,175_MOCM_1_5,-69.061209, 38,3.94,22.15m
588,156_MO_11_5,-67.611276,103,3.00,54.57m
589,187_MO_9_10,-71.326545, 42,6.00,30.07m
590,148_MOCOM_7_8,-72.738498, 52,4.00,29.23m
591,135_MC_2_1,-70.228560, 41,4.00,22.45m
592,5_MC_1_3,-63.440457, 25,2.00,21.29m
593,52_MC_6_5,-67.156522, 36,0.97,22.18m
594,134_MOCM_1_3,-66.837116, 39,4.90,22.00m
595,157_MOCMHnbond_11_5,-71.606800, 52,4.00,29.45m
596,44_MC_8_12,-67.041247, 37,1.03,32.10m
597,190_MC_1_5,-75.979564, 59,8.00,32.70m
598,141_MOCM_3_2,-66.873959, 47,3.64,26.90m
599,183_MOCM_1_3,-70.213577, 44,4.94,24.66m
600,183_MC_10_12,-73.589920, 48,6.00,34.84m
601,190_MOCOM_2_6,-77.718730, 45,8.00,24.22m
602,160_MOCMHnbond_10_5,-71.944495, 38,5.00,21.20m
603,181_MOCOM_2_6,-75.046346, 46,6.00,25.22m
604,165_MOCOM_2_6,-73.926864, 46,5.00,33.49m
605,1_MC_1_5,-63.108135, 23,3.00,15.04m
606,10_MOCMHnbond_5_1,-65.329524,116,0.01,73.37m
607,189_MOCMHnbond_2_1,-76.348864, 40,8.00,21.69m
608,183_MOCM_8_7,-70.213577, 44,4.94,32.27m
609,179_MOCMHnbond_7_2,-73.520382, 46,6.00,26.01m
610,160_MC_1_4,-71.444179, 44,5.00,24.30m
611,1_MOCMHnbond_1_2,-63.470856, 21,3.00,13.36m
612,138_MOCMHnbond_5_4,-70.621097, 41,4.00,30.37m
613,177_MOCOM_9_10,-74.132919, 48,6.00,26.60m
614,183_MOCMHnbond_4_9,-74.026785, 50,6.00,27.86m
615,56_MC_5_6,-67.152877, 32,1.00,21.34m
616,187_MC_3_8,-74.797649, 40,7.00,29.29m
617,135_MOCM_2_1,-66.827356, 39,5.06,21.62m
618,13_MC_1_6,-64.722788, 40, -1.00,25.58m
619,30_MC_6_11,-65.892492, 33,0.13,21.47m
620,187_MOCM_9_10,-72.137941, 46,6.00,33.28m
621,56_MOCMHnbond_5_1,-67.920882, 43,1.02,27.06m
622,170_MOCM_3_9,-69.015642, 41,3.94,23.80m
623,175_MO_6_1,-68.932211, 40,4.00,22.10m
624,156_MOCOM_5_6,-72.584668, 44,4.00,25.16m
625,56_MOCM_11_10,-64.305083, 47, -0.08,25.50m
626,152_MO_2_1,-67.803597, 36,3.00,20.15m
627,187_MOCOM_3_4,-76.503561, 40,7.00,21.64m
628,181_MO_3_2,-70.088043, 37,5.00,20.28m
629,185_MOCMHnbond_2_7,-74.824520, 40,7.00,21.80m
630,13_MOCMHnbond_9_10,-65.395323, 60,1.28,36.73m
631,7_MC_9_8,-65.737465,117,1.00,69.96m
632,190_MO_7_6,-72.519785, 47,7.00,25.55m
633,48_MOCMHnbond_8_9,-67.860948, 68,1.00,41.75m
634,7_MOCM_1_4,-62.817433, 38,2.00,22.94m
635,24_MOCM_4_1,-63.005426, 38,1.04,24.83m
636,177_MO_1_4,-69.097341, 40,5.00,22.42m
637,27_MOCMHnbond_11_7,-66.676974, 38,2.07,24.57m
638,4_MOCM_3_1,-60.548401, 27,3.00,23.35m
639,187_MOCOM_1_2,-76.503561, 40,7.00,21.68m
640,185_MO_7_11,-70.373399, 46,6.00,25.12m
641,4_MOCMHnbond_2_1,-64.252169, 89,3.72,75.94m
642,187_MOCMHnbond_3_4,-75.654841, 43,7.00,23.57m
643,7_MOCM_3_9,-62.817433, 38,2.00,22.64m
644,141_MC_11_6,-70.261721, 42,4.00,24.01m
645,156_MC_5_4,-71.162286, 51,4.00,36.18m
646,190_MOCM_8_7,-73.355261, 43,7.00,23.71m
647,150_MOCMHnbond_5_10,-71.674709, 45,4.00,26.44m
648,187_MC_2_6,-74.797649, 40,7.00,29.26m
